,,L1_ST_1,L1_ST_2,L1_T,L2_ST_1,L2_T,L2_L,L3_ST_1,L3_ST_2,L3_T,L4_ST,L4_T,L5_ST,L5_T
,,XA01-1,XA01-2,XA01-3,XA-03,XA-04,XA-05,XA06-1 ,XA06-2,XA07,XA08 ,XA09,XA10,XA11
1,Ácido perfluoro-n-pentanoico,20.32,24.23,44.06,9.63,12.45,8.57,19.79,26.73,26.01,7.55,8.44,10.04,14.22
2,Ácido perfluorobutano-1-sulfónico,14.08,12.98,12.17,31.52,35.31,27.82,6.12,8.45,100.62,40.29,146.9,15.14,16.89
3,Ácido perfluoro-n-hexanoico,4.42,5.27,4.06,<2.00,<2.00,<2.00,<2.00,<2.00,10.3,<2.00,<2.00,2.9,3.26
4,Ácido perfluoro(2-metil-3-oxahexanoico),6.72,14.28,3.54,<2.00,<2.00,<2.00,<2.00,<2.00,6.25,<2.00,3.52,6.72,4.52
5,Ácido perfluoro-n-heptanoico,3.84,4.84,3.4,<2.00,<2.00,<2.00,7.5,7.64,3.69,<2.00,<2.00,7.5,2.98
6,"Dodecafluoro-3H-4,8-dioxanonanoato de sodio",22.36,16.49,14.29,21.14,16.51,21.53,51.74,130.74,27.81,13.87,8.87,21.55,18.36
7,Ácido perfluorohexano-1-sulfónico,22.21,14.66,13.34,21.01,15.81,21.07,50.43,127.8,26.24,14.02,10.43,20.14,17.05
8,Ácido perfluoro-n-octanoico,<2.00,2.28,2.81,5.85,6.92,<2.00,2.91,3.44,6,5.91,13.75,<2.00,<2.00
9,"Ácido 1H,1H,2H,2H perfluorooctano sulfónico",<2.00,<2.00,<2.00,<2.00,<2.00,<2.00,<2.00,<2.00,<2.00,<2.00,<2.00,<2.00,<2.00
10,Ácido perfluoroheptanosulfónico,6.77,5.63,5.45,96.53,171.7,65.13,11.25,8.52,14.96,228.37,25.57,5.58,9.66
11,Ácido 2H-perfluoro-2-decenoico,<2.00,<2.00,<2.00,<2.00,<2.00,<2.00,<2.00,<2.00,<2.00,<2.00,<2.00,<2.00,<2.00
12,Ácido perfluoro-n-nonanoico,3.25,<2.00,2.54,<2.00,<2.00,<2.00,<2.00,<2.00,<2.00,4.31,9.18,<2.00,<2.00
13,Perfluorooctano sulfonamida,2.07,<2.00,<2.00,3.5,4.37,3.22,12.04,15.66,3.79,2.02,<2.00,4.09,3.22
14,Ácido perfluorooctano-1-sulfónico,6.63,5.24,5.48,20.27,20.81,19.44,283.28,206.57,27.36,77.15,7.92,15.7,27.25
15,N-Metilperfluoro-1-octanosulfonamida,<2.00,<2.00,<2.00,<2.00,<2.00,<2.00,<2.00,<2.00,<2.00,<2.00,<2.00,<2.00,<2.00
16,Ácido perfluoro-n-decanoico,<2.00,<2.00,3.93,<2.00,<2.00,<2.00,<2.00,<2.00,<2.00,<2.00,<2.00,<2.00,<2.00
17,Sulfluoramida,<2.00,<2.00,<2.00,3.11,<2.00,2.11,<2.00,<2.00,<2.00,<2.00,<2.00,<2.00,<2.00
18,"Ácido 1H,1H,2H,2H-perfluorodecanosulfónico",<2.00,<2.00,<2.00,4.97,<2.00,<2.00,<2.00,<2.00,<2.00,<2.00,<2.00,<2.00,<2.00
19,Ácido perfluoro-n-undecanoico,<2.00,<2.00,3.06,<2.00,<2.00,<2.00,<2.00,<2.00,<2.00,<2.00,<2.00,<2.00,<2.00
20,9-Clorohexadecafluoro-3-oxanona-1-sulfonato de potasio,6.96,10.15,<2.00,13.42,4.98,10.89,<2.00,<2.00,13.44,5.34,<2.00,4.3,5.23
21,Ácido N-metilperfluoro-1-octanosulfonamidoacético,<2.00,<2.00,<2.00,<2.00,<2.00,<2.00,<2.00,<2.00,<2.00,<2.00,<2.00,<2.00,<2.00
22,Ácido N-etilperfluoro-1-octanosulfonamidoacético,<2.00,<2.00,<2.00,<2.00,<2.00,<2.00,<2.00,<2.00,<2.00,<2.00,<2.00,<2.00,<2.00
23,Ácido perfluorodecano-1-sulfónico,<2.00,<2.00,<2.00,3.49,4.21,3.96,3.11,<2.00,3.66,<2.00,<2.00,<2.00,<2.00
24,Ácido perfluoro-n-dodecanoico,<2.00,<2.00,2.74,<2.00,<2.00,<2.00,<2.00,<2.00,<2.00,<2.00,<2.00,<2.00,<2.00
25,Ácido perfluoro-n-tridecanoico,<2.00,<2.00,3.08,<2.00,<2.00,<2.00,<2.00,<2.00,<2.00,<2.00,<2.00,<2.00,<2.00
26,Ácido perfluoro-n-tetradecanoico,<2.00,<2.00,<2.00,<2.00,<2.00,<2.00,<2.00,<2.00,<2.00,<2.00,2.52,<2.00,<2.00
27,Ácido perfluorohexadecanoico,<2.00,<2.00,<2.00,<2.00,<2.00,<2.00,<2.00,<2.00,<2.00,<2.00,<2.00,<2.00,<2.00
28,Fosfato de bis(2-(perfluorooctil)etilo),<2.00,<2.00,<2.00,<2.00,<2.00,<2.00,<2.00,<2.00,<2.00,<2.00,<2.00,<2.00,<2.00
29,Áciod perfluoro-n-butanoico,38.26,29.02,8.74,10.74,16.4,15.6,9.85,15.27,33.41,43.85,62.66,21.3,8.03
30,"3,3'-Dimetil-4,4'-Diaminodifenilmetano ",< 0.0100 ,< 0.0100 ,< 0.0100 ,< 0.0100 ,< 0.0100 ,< 0.0100 ,< 0.0100 ,< 0.0100 ,< 0.0100 ,< 0.0100 ,< 0.0100 ,< 0.0100 ,< 0.0100 
31,"3,3'-Dimetoxibencidina",< 0.0100 ,< 0.0100 ,< 0.0100 ,< 0.0100 ,< 0.0100 ,< 0.0100 ,< 0.0100 ,< 0.0100 ,< 0.0100 ,< 0.0100 ,< 0.0100 ,< 0.0100 ,< 0.0100 
32,"4,4'-Diaminodifenilmetano",< 0.0100 ,< 0.0100 ,< 0.0100 ,< 0.0100 ,< 0.0100 ,< 0.0100 ,< 0.0100 ,< 0.0100 ,< 0.0100 ,< 0.0100 ,< 0.0100 ,< 0.0100 ,< 0.0100 
33,"4,4'-Metilen-bis (2-cloroanilina)",0.0259,0.0259,0.0259,0.0259,0.0259,0.0259,0.0259,0.0259,0.0259,0.0259,0.0259,0.026,0.0259
34,Amarillo disperso 3,< 0.0100 ,< 0.0100 ,< 0.0100 ,< 0.0100 ,< 0.0100 ,< 0.0100 ,< 0.0100 ,< 0.0100 ,< 0.0100 ,< 0.0100 ,< 0.0100 ,< 0.0100 ,< 0.0100 
35,Azul basico 26- Azul victoria,< 0.0100 ,< 0.0100 ,< 0.0100 ,< 0.0100 ,< 0.0100 ,< 0.0100 ,< 0.0100 ,< 0.0100 ,< 0.0100 ,< 0.0100 ,< 0.0100 ,< 0.0100 ,< 0.0100 
36,Bencidina,< 0.0100 ,< 0.0100 ,< 0.0100 ,< 0.0100 ,< 0.0100 ,< 0.0100 ,< 0.0100 ,< 0.0100 ,< 0.0100 ,< 0.0100 ,< 0.0100 ,< 0.0100 ,< 0.0100 
37,Bis(2-n-butoxietil) Ftalato,< 0.0100 ,< 0.0100 ,< 0.0100 ,< 0.0100 ,< 0.0100 ,< 0.0100 ,< 0.0100 ,< 0.0100 ,< 0.0100 ,< 0.0100 ,< 0.0100 ,< 0.0100 ,< 0.0100 
38,Butilbencilftalato,< 0.0100 ,0.0106,< 0.0100 ,0.0154,< 0.0100 ,< 0.0100 ,< 0.0100 ,< 0.0100 ,0.0143,<0.0100,0.0129,0.0102,< 0.0100 
39,Cafe disperso 1,< 0.0100 ,< 0.0100 ,< 0.0100 ,< 0.0100 ,< 0.0100 ,< 0.0100 ,< 0.0100 ,< 0.0100 ,< 0.0100 ,< 0.0100 ,< 0.0100 ,< 0.0100 ,< 0.0100 
40,Clorfenvinfos,< 0.0100 ,< 0.0100 ,< 0.0100 ,< 0.0100 ,< 0.0100 ,< 0.0100 ,< 0.0100 ,< 0.0100 ,< 0.0100 ,< 0.0100 ,< 0.0100 ,< 0.0100 ,< 0.0100 
41,Clorotalonil,0.0203,0.0202,0.0201,0.0201,0.0202,0.0202,0.0202,0.0202,0.0202,0.0202,0.0203,0.0205,0.0202
42,Diamilftalato,< 0.0100 ,< 0.0100 ,< 0.0100 ,< 0.0100 ,< 0.0100 ,< 0.0100 ,< 0.0100 ,< 0.0100 ,< 0.0100 ,< 0.0100 ,< 0.0100 ,< 0.0100 ,< 0.0100 
43,"Dibenzo (a,h) antraceno",< 0.0100 ,0.0114,< 0.0100 ,< 0.0100 ,< 0.0100 ,< 0.0100 ,< 0.0100 ,< 0.0100 ,< 0.0100 ,0.0123,< 0.0100 ,0.055,< 0.0100 
44,Diciclohexiftalato,< 0.0100 ,< 0.0100 ,< 0.0100 ,< 0.0100 ,< 0.0100 ,< 0.0100 ,< 0.0100 ,< 0.0100 ,< 0.0100 ,< 0.0100 ,< 0.0100 ,< 0.0100 ,< 0.0100 
45,Dicrotofos,<0.0100,< 0.0100 ,< 0.0100 ,< 0.0100 ,< 0.0100 ,< 0.0100 ,< 0.0100 ,< 0.0100 ,< 0.0100 ,< 0.0100 ,<0.0100,<0.0100,< 0.0100 
46,Dietilftalato,0.1849,0.0311,0.0607,0.1124,0.0811,0.0782,0.0431,0.0288,0.0642,0.0521,0.0707,0.0278,0.0431
47,Dihexilftalato,<0.0100,< 0.0100 ,< 0.0100 ,< 0.0100 ,< 0.0100 ,< 0.0100 ,< 0.0100 ,< 0.0100 ,< 0.0100 ,< 0.0100 ,<0.0100,<0.0100,< 0.0100 
48,Diisobutilftalato,<0.0100,< 0.0100 ,< 0.0100 ,< 0.0100 ,< 0.0100 ,< 0.0100 ,< 0.0100 ,< 0.0100 ,< 0.0100 ,< 0.0100 ,<0.0100,<0.0100,< 0.0100 
49,Diisohexilftalato,<0.0100,< 0.0100 ,< 0.0100 ,< 0.0100 ,< 0.0100 ,< 0.0100 ,< 0.0100 ,< 0.0100 ,< 0.0100 ,< 0.0100 ,<0.0100,<0.0100,< 0.0100 
50,Diisononilftalato,0.0698,0.0682,< 0.0100 ,0.0825,0.0432,< 0.0100 ,0.0618,0.0664,< 0.0100 ,0.0433,0.041,0.0663,0.618
51,Dimetilformamida,0.1957,0.1814,0.3248,0.1626,0.216,0.1201,0.149,0.0869,0.4357,0.1471,0.1555,0.0886,0.149
52,Dimetilftalato,<0.0100,< 0.0100 ,< 0.0100 ,< 0.0100 ,< 0.0100 ,< 0.0100 ,< 0.0100 ,< 0.0100 ,< 0.0100 ,< 0.0100 ,<0.0100,<0.0100,<0.0100
53,Dimetilfumarato,0.0546,0.0675,0.0148,0.0289,0.0384,0.0467,0.1769,0.241,0.0429,0.0404,0.0953,0.1727,0.1769
54,Di-n-butilftalato,<0.0100,<0.0100,< 0.0100 ,< 0.0100 ,< 0.0100 ,< 0.0100 ,< 0.0100 ,< 0.0100 ,< 0.0100 ,< 0.0100 ,<0.0100,<0.0100,<0.0100
55,Di-n-octilftalato,<0.0100,<0.0100,< 0.0100 ,< 0.0100 ,< 0.0100 ,< 0.0100 ,< 0.0100 ,< 0.0100 ,< 0.0100 ,< 0.0100 ,<0.0100,<0.0100,<0.0100
56,Esfenvalerato,<0.0100,<0.0100,< 0.0100 ,< 0.0100 ,0.0569,0.0197,0.0612,0.0107,< 0.0100 ,< 0.0100 ,0.0161,0.0156,0.0612
57,Fenantreno,0.0102,<0.0100,< 0.0100 ,0.0115,< 0.0100 ,< 0.0100 ,< 0.0100 ,< 0.0100 ,0.0127,0.0112,<0.0100,0.0118,<0.0100
58,Fluoranteno,<0.0100,0.0104,< 0.0100 ,< 0.0100 ,0.0156,0.0127,0.0147,0.0253,0.0264,0.0221,0.0125,< 0.0100 ,0.0147
59,Naranja disperso 1,<0.0100,<0.0100,< 0.0100 ,< 0.0100 ,< 0.0100 ,< 0.0100 ,< 0.0100 ,< 0.0100 ,< 0.0100 ,< 0.0100 ,<0.0100,< 0.0100 ,< 0.0100 
60,o-Aminoazotolueno,<0.0100,<0.0100,< 0.0100 ,< 0.0100 ,< 0.0100 ,< 0.0100 ,< 0.0100 ,< 0.0100 ,< 0.0100 ,< 0.0100 ,<0.0100,< 0.0100 ,< 0.0100 
61,o-Anisidina,<0.0100,<0.0100,< 0.0100 ,< 0.0100 ,< 0.0100 ,< 0.0100 ,< 0.0100 ,< 0.0100 ,< 0.0100 ,< 0.0100 ,<0.0100,< 0.0100 ,< 0.0100 
62,o-Toluidina,<0.0100,<0.0100,< 0.0100 ,< 0.0100 ,< 0.0100 ,< 0.0100 ,< 0.0100 ,< 0.0100 ,< 0.0100 ,< 0.0100 ,<0.0100,< 0.0100 ,< 0.0100 
63,p-Cresidina,<0.0100,<0.0100,< 0.0100 ,< 0.0100 ,< 0.0100 ,< 0.0100 ,< 0.0100 ,< 0.0100 ,< 0.0100 ,< 0.0100 ,<0.0100,< 0.0100 ,< 0.0100 
64,Profenofos,<0.0100,<0.0100,< 0.0100 ,< 0.0100 ,< 0.0100 ,< 0.0100 ,< 0.0100 ,< 0.0100 ,< 0.0100 ,< 0.0100 ,<0.0100,< 0.0100 ,< 0.0100 
65,Rojo ácido 26 ,<0.0100,<0.0100,0.0121,< 0.0100 ,< 0.0100 ,< 0.0100 ,< 0.0100 ,< 0.0100 ,< 0.0100 ,0.0286,0.0315,0.0116,< 0.0100 
66,Rojo básico 9,<0.0100,<0.0100,< 0.0100 ,< 0.0100 ,< 0.0100 ,< 0.0100 ,< 0.0100 ,< 0.0100 ,< 0.0100 ,< 0.0100 ,<0.0100,< 0.0100 ,< 0.0100 
67,Strobano,<0.0100,<0.0100,< 0.0100 ,< 0.0100 ,< 0.0100 ,< 0.0100 ,< 0.0100 ,< 0.0100 ,< 0.0100 ,< 0.0100 ,<0.0100,< 0.0100 ,< 0.0100 
68,TCMTB,<0.0100,<0.0100,<0.0100,<0.0100,<0.0100,<0.0100,<0.0100,<0.0100,<0.0100,<0.0100,<0.0100,<0.0100,<0.0100
69,2-2'-Dibromobifenil,<0.0100,<0.0100,<0.0100,<0.0100,<0.0100,<0.0100,<0.0100,<0.0100,<0.0100,<0.0100,<0.0100,<0.0100,<0.0100
70,"2,4-Dimetilanilina",<0.0100,<0.0100,<0.0100,<0.0100,<0.0100,<0.0100,<0.0100,<0.0100,<0.0100,<0.0100,<0.0100,<0.0100,<0.0100
71,4-Aminoazobenceno,<0.0100,<0.0100,<0.0100,<0.0100,<0.0100,<0.0100,<0.0100,<0.0100,<0.0100,<0.0100,<0.0100,<0.0100,<0.0100
72,Benzo(a)antraceno,<0.0100,<0.0100,<0.0100,<0.0100,<0.0100,<0.0100,<0.0100,<0.0100,<0.0100,<0.0100,<0.0100,<0.0100,<0.0100
73,Benzo(a)pireno,<0.0100,<0.0100,<0.0100,<0.0100,<0.0100,<0.0100,<0.0100,<0.0100,<0.0100,<0.0100,<0.0100,<0.0100,<0.0100
74,Benzo(b)flouranteno,<0.0100,<0.0100,<0.0100,<0.0100,<0.0100,<0.0100,<0.0100,<0.0100,<0.0100,<0.0100,<0.0100,<0.0100,<0.0100
75,Bis(2-etoxietil)ftalato,<0.0100,<0.0100,<0.0100,<0.0100,<0.0100,<0.0100,<0.0100,<0.0100,<0.0100,<0.0100,<0.0100,<0.0100,<0.0100
76,Criseno,0.0392,0.0392,0.0145,0.0164,0.0223,0.0191,<0.0100,0.0212,0.021,0.0143,0.0151,0.0115,0.0149
77,Dinonilftalato,<0.0100,<0.0100,<0.0100,0.0545,<0.0100,0.0122,0.0104,0.0198,0.0102,<0.0100,0.0116,<0.0100,<0.0100
78,Pertano,<0.0100,0.0238,<0.0100,<0.0100,0.0158,0.0166,<0.0100,0.0197,0.0135,<0.0100,0.0139,0.0158,0.0179
79,Rojo disperso 1,<0.0100,<0.0100,<0.0100,<0.0100,<0.0100,<0.0100,<0.0100,<0.0100,<0.0100,<0.0100,<0.0100,<0.0100,<0.0100
80,Tolifluanida,<0.0100,<0.0100,<0.0100,<0.0100,<0.0100,<0.0100,<0.0100,<0.0100,<0.0100,<0.0100,<0.0100,<0.0100,<0.0100
81,"2,4-Diaminoanisol",<0.0100,<0.0100,<0.0100,<0.0100,<0.0100,<0.0100,<0.0100,<0.0100,<0.0100,<0.0100,<0.0100,<0.0100,<0.0100
82,Benzotiazol,<0.0100,<0.0100,<0.0100,<0.0100,<0.0100,<0.0100,<0.0100,<0.0100,<0.0100,<0.0100,<0.0100,<0.0100,<0.0100
83,Naranja disperso 3,<0.0100,<0.0100,<0.0100,0.0147,<0.0100,0.0206,<0.0100,<0.0100,<0.0100,<0.0100,<0.0100,<0.0100,<0.0100
84,"2,3,4,5-Tetraclorofenol",<0.0100,<0.0100,<0.0100,<0.0100,<0.0100,<0.0100,<0.0100,<0.0100,<0.0100,<0.0100,<0.0100,<0.0100,<0.0100
85,"2,3,4,6-Tetraclorofenol",<0.0100,<0.0100,<0.0100,<0.0100,<0.0100,<0.0100,<0.0100,<0.0100,<0.0100,<0.0100,<0.0100,<0.0100,<0.0100
86,"2,3,5,6-Tetraclorofenol",<0.0100,<0.0100,<0.0100,<0.0100,<0.0100,<0.0100,<0.0100,<0.0100,<0.0100,<0.0100,<0.0100,<0.0100,<0.0100
87,"2,4-Dinitrofenol",<0.0100,<0.0100,<0.0100,<0.0100,<0.0100,<0.0100,<0.0100,<0.0100,<0.0100,<0.0100,<0.0100,<0.0100,<0.0100
88,2-Nitrofenol,<0.0100,<0.0100,<0.0100,<0.0100,<0.0100,<0.0100,<0.0100,<0.0100,<0.0100,<0.0100,<0.0100,<0.0100,<0.0100
89,4-Nitrofenol,<0.0100,<0.0100,<0.0100,<0.0100,<0.0100,<0.0100,<0.0100,<0.0100,<0.0100,<0.0100,<0.0100,<0.0100,<0.0100
90,4-tert-octilfenol,<0.0100,<0.0100,<0.0100,<0.0100,<0.0100,<0.0100,<0.0100,<0.0100,<0.0100,<0.0100,<0.0100,<0.0100,<0.0100
91,Dinoseb,<0.0100,<0.0100,<0.0100,<0.0100,<0.0100,<0.0100,<0.0100,<0.0100,<0.0100,<0.0100,<0.0100,<0.0100,<0.0100
92,Fromadelhido,<0.0100,<0.0100,<0.0100,<0.0100,<0.0100,<0.0100,<0.0100,<0.0100,<0.0100,<0.0100,<0.0100,<0.0100,<0.0100
93,Navy blue,<0.0100,<0.0100,<0.0100,<0.0100,<0.0100,<0.0100,<0.0100,<0.0100,<0.0100,<0.0100,<0.0100,<0.0100,<0.0100
94,Pentacloroanisol,<0.0100,<0.0100,<0.0100,<0.0100,<0.0100,<0.0100,<0.0100,<0.0100,<0.0100,<0.0100,<0.0100,<0.0100,<0.0100
95,Pentaclorofenol,<0.0100,<0.0100,<0.0100,<0.0100,<0.0100,<0.0100,<0.0100,<0.0100,<0.0100,<0.0100,<0.0100,<0.0100,<0.0100
96,p-Nonilfenol,0.0251,0.0133,0.0453,0.024,0.0208,0.0172,0.0125,0.0113,<0.0100,0.0283,0.0475,0.0358,0.0277
97,Propetamfos,<0.0100,<0.0100,<0.0100,<0.0100,<0.0100,<0.0100,<0.0100,<0.0100,<0.0100,<0.0100,<0.0100,<0.0100,<0.0100