,,L1_ST_1,L1_ST_2,L2_ST_1,L3_ST_1,L3_ST_2,L4_ST,L5_ST
,,XA01-1,XA01-2,XA-03,XA06-1 ,XA06-2,XA08 ,XA10
1,Ácido perfluoro-n-pentanoico,20.32,24.23,9.63,19.79,26.73,7.55,10.04
2,Ácido perfluorobutano-1-sulfónico,14.08,12.98,31.52,6.12,8.45,40.29,15.14
5,Ácido perfluoro-n-heptanoico,3.84,4.84,<2.00,7.5,7.64,<2.00,7.5
6,"Dodecafluoro-3H-4,8-dioxanonanoato de sodio",22.36,16.49,21.14,51.74,130.74,13.87,21.55
7,Ácido perfluorohexano-1-sulfónico,22.21,14.66,21.01,50.43,127.8,14.02,20.14
8,Ácido perfluoro-n-octanoico,<2.00,2.28,5.85,2.91,3.44,5.91,<2.00
10,Ácido perfluoroheptanosulfónico,6.77,5.63,96.53,11.25,8.52,228.37,5.58
13,Perfluorooctano sulfonamida,2.07,<2.00,3.5,12.04,15.66,2.02,4.09
14,Ácido perfluorooctano-1-sulfónico,6.63,5.24,20.27,283.28,206.57,77.15,15.7
20,9-Clorohexadecafluoro-3-oxanona-1-sulfonato de potasio,6.96,10.15,13.42,<2.00,<2.00,5.34,4.3
29,Áciod perfluoro-n-butanoico,38.26,29.02,10.74,9.85,15.27,43.85,21.3
33,"4,4'-Metilen-bis (2-cloroanilina)",0.0259,0.0259,0.0259,0.0259,0.0259,0.0259,0.026
38,Butilbencilftalato,< 0.0100 ,0.0106,0.0154,< 0.0100 ,< 0.0100 ,<0.0100,0.0102
41,Clorotalonil,0.0203,0.0202,0.0201,0.0202,0.0202,0.0202,0.0205
43,"Dibenzo (a,h) antraceno",< 0.0100 ,0.0114,< 0.0100 ,< 0.0100 ,< 0.0100 ,0.0123,0.055
46,Dietilftalato,0.1849,0.0311,0.1124,0.0431,0.0288,0.0521,0.0278
50,Diisononilftalato,0.0698,0.0682,0.0825,0.0618,0.0664,0.0433,0.0663
51,Dimetilformamida,0.1957,0.1814,0.1626,0.149,0.0869,0.1471,0.0886
53,Dimetilfumarato,0.0546,0.0675,0.0289,0.1769,0.241,0.0404,0.1727
57,Fenantreno,0.0102,<0.0100,0.0115,< 0.0100 ,< 0.0100 ,0.0112,0.0118
58,Fluoranteno,<0.0100,0.0104,< 0.0100 ,0.0147,0.0253,0.0221,< 0.0100 
76,Criseno,0.0392,0.0392,0.0164,<0.0100,0.0212,0.0143,0.0115
78,Pertano,<0.0100,0.0238,<0.0100,<0.0100,0.0197,<0.0100,0.0158
96,p-Nonilfenol,0.0251,0.0133,0.024,0.0125,0.0113,0.0283,0.0358
